{"DocumentTypeId":"マーケティング.アンケート.イベント","FormId":"41bbbb84","FormName":"アンケートイベントA","OriginalFileExtension":"pdf","Pages":[{"Page":0,"Size":[0.0,0.0,595.0,841.0],"SkewAngle":0.0,"Evidence":[{"Text":"<氏名>","Box":[192.2869,134.18,39.8439,11.04]},{"Text":"<メールアドレス>","Box":[270.5569,134.18,95.0631,11.04]},{"Text":"<電話番号>","Box":[329.5969,134.18,61.9124,11.04]},{"Text":"<イベントの満足度>","Box":[388.6369,134.18,106.1069,11.04]},{"Text":"＜コメント＞","Box":[505.2969,134.18,66.24,11.04]}],"Fields":[{"Field":"マーケティング.アンケート.イベント.氏名","Box":[210.974,134.0619,324.7397,34.1831]},{"Field":"マーケティング.アンケート.イベント.メールアドレス","Box":[289.4883,133.5278,325.8079,14.421]},{"Field":"マーケティング.アンケート.イベント.電話番号","Box":[348.2406,133.5278,326.342,15.4892]},{"Field":"マーケティング.アンケート.イベント.イベントの満足度","Box":[406.9928,409.1293,50.7406,34.7172]},{"Field":"マーケティング.アンケート.イベント.ニュースレターを購読する","Box":[468.4156,136.1984,5.8752,6.9434]},{"Field":"マーケティング.アンケート.イベント.コメント","Box":[523.9632,133.5278,325.8079,91.8671]}],"Tables":[]}]}