[{"DocumentKeywordVectors":[{"TotalDocumentLength":166,"PageCount":1,"FirstPageVector":{"VectorId":"マーケティング.アンケート.イベント_1.FirstPage","DocumentCount":1,"TermsWithScores":[{"Score":0.75,"Term":"イベントa","LastUpdated":"2020-09-05T09:52:10.9452858+09:00"},{"Score":0.3,"Term":"大変不満","LastUpdated":"2020-09-05T09:52:10.9452858+09:00"},{"Score":0.28,"Term":"不満","LastUpdated":"2020-09-05T09:52:10.9452858+09:00"},{"Score":0.27,"Term":"普通","LastUpdated":"2020-09-05T09:52:10.9452858+09:00"},{"Score":0.26,"Term":"満足","LastUpdated":"2020-09-05T09:52:10.9452858+09:00"},{"Score":0.25,"Term":"大変満足","LastUpdated":"2020-09-05T09:52:10.9452858+09:00"},{"Score":0.17,"Term":"ニュースレターの購読を希望する","LastUpdated":"2020-09-05T09:52:10.9452858+09:00"}]},"ParentVectorId":"マーケティング.アンケート.イベント","VectorId":"マーケティング.アンケート.イベント_1","DocumentCount":1,"TermsWithScores":[{"Score":0.75,"Term":"イベントa","LastUpdated":"2020-09-05T09:52:10.9452858+09:00"},{"Score":0.3,"Term":"大変不満","LastUpdated":"2020-09-05T09:52:10.9452858+09:00"},{"Score":0.28,"Term":"不満","LastUpdated":"2020-09-05T09:52:10.9452858+09:00"},{"Score":0.27,"Term":"普通","LastUpdated":"2020-09-05T09:52:10.9452858+09:00"},{"Score":0.26,"Term":"満足","LastUpdated":"2020-09-05T09:52:10.9452858+09:00"},{"Score":0.25,"Term":"大変満足","LastUpdated":"2020-09-05T09:52:10.9452858+09:00"},{"Score":0.17,"Term":"ニュースレターの購読を希望する","LastUpdated":"2020-09-05T09:52:10.9452858+09:00"}]}],"TotalDocumentLength":166,"PageCount":1,"FirstPageVector":{"VectorId":"マーケティング.アンケート.イベント.FirstPage","DocumentCount":1,"TermsWithScores":[{"Score":0.75,"Term":"イベントa","LastUpdated":"2020-09-05T09:52:10.9302852+09:00"},{"Score":0.3,"Term":"大変不満","LastUpdated":"2020-09-05T09:52:10.9312835+09:00"},{"Score":0.28,"Term":"不満","LastUpdated":"2020-09-05T09:52:10.9302852+09:00"},{"Score":0.27,"Term":"普通","LastUpdated":"2020-09-05T09:52:10.9312835+09:00"},{"Score":0.26,"Term":"満足","LastUpdated":"2020-09-05T09:52:10.9312835+09:00"},{"Score":0.25,"Term":"大変満足","LastUpdated":"2020-09-05T09:52:10.9302852+09:00"},{"Score":0.17,"Term":"ニュースレターの購読を希望する","LastUpdated":"2020-09-05T09:52:10.9302852+09:00"}]},"ParentVectorId":null,"VectorId":"マーケティング.アンケート.イベント","DocumentCount":1,"TermsWithScores":[{"Score":0.75,"Term":"イベントa","LastUpdated":"2020-09-05T09:52:10.9452858+09:00"},{"Score":0.3,"Term":"大変不満","LastUpdated":"2020-09-05T09:52:10.9452858+09:00"},{"Score":0.28,"Term":"不満","LastUpdated":"2020-09-05T09:52:10.9452858+09:00"},{"Score":0.27,"Term":"普通","LastUpdated":"2020-09-05T09:52:10.9452858+09:00"},{"Score":0.26,"Term":"満足","LastUpdated":"2020-09-05T09:52:10.9452858+09:00"},{"Score":0.25,"Term":"大変満足","LastUpdated":"2020-09-05T09:52:10.9452858+09:00"},{"Score":0.17,"Term":"ニュースレターの購読を希望する","LastUpdated":"2020-09-05T09:52:10.9452858+09:00"}]},{"DocumentKeywordVectors":[{"TotalDocumentLength":114,"PageCount":1,"FirstPageVector":{"VectorId":"ファイナンス.見積書.見積書_1.FirstPage","DocumentCount":1,"TermsWithScores":[{"Score":0.57,"Term":"内容","LastUpdated":"2020-09-05T11:06:08.6698287+09:00"},{"Score":0.48,"Term":"見積書","LastUpdated":"2020-09-05T11:06:08.6698287+09:00"},{"Score":0.45,"Term":"発行日","LastUpdated":"2020-09-05T11:06:08.6698287+09:00"},{"Score":0.43,"Term":"見積番号","LastUpdated":"2020-09-05T11:06:08.6698287+09:00"},{"Score":0.4,"Term":"消費税","LastUpdated":"2020-09-05T11:06:08.6698287+09:00"},{"Score":0.37,"Term":"tel","LastUpdated":"2020-09-05T11:06:08.6698287+09:00"},{"Score":0.34,"Term":"お見積の有効期限","LastUpdated":"2020-09-05T11:06:08.6698287+09:00"},{"Score":0.28,"Term":"数量","LastUpdated":"2020-09-05T11:06:08.6698287+09:00"},{"Score":0.16,"Term":"小計","LastUpdated":"2020-09-05T11:06:08.6698287+09:00"},{"Score":0.12,"Term":"合計","LastUpdated":"2020-09-05T11:06:08.6698287+09:00"},{"Score":0.09,"Term":"備考","LastUpdated":"2020-09-05T11:06:08.6698287+09:00"}]},"ParentVectorId":"ファイナンス.見積書.見積書","VectorId":"ファイナンス.見積書.見積書_1","DocumentCount":1,"TermsWithScores":[{"Score":0.57,"Term":"内容","LastUpdated":"2020-09-05T11:06:08.6698287+09:00"},{"Score":0.48,"Term":"見積書","LastUpdated":"2020-09-05T11:06:08.6698287+09:00"},{"Score":0.45,"Term":"発行日","LastUpdated":"2020-09-05T11:06:08.6698287+09:00"},{"Score":0.43,"Term":"見積番号","LastUpdated":"2020-09-05T11:06:08.6698287+09:00"},{"Score":0.4,"Term":"消費税","LastUpdated":"2020-09-05T11:06:08.6698287+09:00"},{"Score":0.37,"Term":"tel","LastUpdated":"2020-09-05T11:06:08.6698287+09:00"},{"Score":0.34,"Term":"お見積の有効期限","LastUpdated":"2020-09-05T11:06:08.6698287+09:00"},{"Score":0.28,"Term":"数量","LastUpdated":"2020-09-05T11:06:08.6698287+09:00"},{"Score":0.16,"Term":"小計","LastUpdated":"2020-09-05T11:06:08.6698287+09:00"},{"Score":0.12,"Term":"合計","LastUpdated":"2020-09-05T11:06:08.6698287+09:00"},{"Score":0.09,"Term":"備考","LastUpdated":"2020-09-05T11:06:08.6698287+09:00"}]}],"TotalDocumentLength":114,"PageCount":1,"FirstPageVector":{"VectorId":"ファイナンス.見積書.見積書.FirstPage","DocumentCount":1,"TermsWithScores":[{"Score":0.57,"Term":"内容","LastUpdated":"2020-09-05T11:06:08.6698287+09:00"},{"Score":0.48,"Term":"見積書","LastUpdated":"2020-09-05T11:06:08.6698287+09:00"},{"Score":0.45,"Term":"発行日","LastUpdated":"2020-09-05T11:06:08.6698287+09:00"},{"Score":0.43,"Term":"見積番号","LastUpdated":"2020-09-05T11:06:08.6698287+09:00"},{"Score":0.4,"Term":"消費税","LastUpdated":"2020-09-05T11:06:08.6698287+09:00"},{"Score":0.37,"Term":"tel","LastUpdated":"2020-09-05T11:06:08.6698287+09:00"},{"Score":0.34,"Term":"お見積の有効期限","LastUpdated":"2020-09-05T11:06:08.6698287+09:00"},{"Score":0.28,"Term":"数量","LastUpdated":"2020-09-05T11:06:08.6698287+09:00"},{"Score":0.16,"Term":"小計","LastUpdated":"2020-09-05T11:06:08.6698287+09:00"},{"Score":0.12,"Term":"合計","LastUpdated":"2020-09-05T11:06:08.6698287+09:00"},{"Score":0.09,"Term":"備考","LastUpdated":"2020-09-05T11:06:08.6698287+09:00"}]},"ParentVectorId":null,"VectorId":"ファイナンス.見積書.見積書","DocumentCount":1,"TermsWithScores":[{"Score":0.57,"Term":"内容","LastUpdated":"2020-09-05T11:06:08.6698287+09:00"},{"Score":0.48,"Term":"見積書","LastUpdated":"2020-09-05T11:06:08.6698287+09:00"},{"Score":0.45,"Term":"発行日","LastUpdated":"2020-09-05T11:06:08.6698287+09:00"},{"Score":0.43,"Term":"見積番号","LastUpdated":"2020-09-05T11:06:08.6698287+09:00"},{"Score":0.4,"Term":"消費税","LastUpdated":"2020-09-05T11:06:08.6698287+09:00"},{"Score":0.37,"Term":"tel","LastUpdated":"2020-09-05T11:06:08.6698287+09:00"},{"Score":0.34,"Term":"お見積の有効期限","LastUpdated":"2020-09-05T11:06:08.6698287+09:00"},{"Score":0.28,"Term":"数量","LastUpdated":"2020-09-05T11:06:08.6698287+09:00"},{"Score":0.16,"Term":"小計","LastUpdated":"2020-09-05T11:06:08.6698287+09:00"},{"Score":0.12,"Term":"合計","LastUpdated":"2020-09-05T11:06:08.6698287+09:00"},{"Score":0.09,"Term":"備考","LastUpdated":"2020-09-05T11:06:08.6698287+09:00"}]}]