{"DocumentTypeId":"ファイナンス.領収書.交通費","FormId":"e6456eb5","FormName":"テンプレート_新幹線","OriginalFileExtension":"jpg","Pages":[{"Page":0,"Size":[0.0,0.0,1020.0,690.0],"SkewAngle":0.1807,"Evidence":[{"Text":"【時訓","Box":[87.9149,91.8928,86.2175,35.205]},{"Text":"新幹線特定特急券","Box":[76.9149,337.8612,245.2869,48.1703]},{"Text":"→","Box":[213.8802,483.8959,38.2082,33.2397]},{"Text":"9日当日限リ有効","Box":[320.9149,211.8675,242.2429,42.1703]},{"Text":"指定席への変更は指定席特急料金との差領が必要","Box":[371.9305,88.8928,678.2144,39.1389]}],"Fields":[{"Field":"ファイナンス.領収書.交通費.金額","Box":[313.1418,48.5278,318.6355,199.605]},{"Field":"ファイナンス.領収書.交通費.出発","Box":[159.3178,50.3591,430.3411,145.5835]},{"Field":"ファイナンス.領収書.交通費.到着","Box":[159.3178,550.2873,414.7756,148.3303]}],"Tables":[]}]}